"record_type","platform","locale","product_id","product_type","reference_name","display_name","short_description","subtitle","promotional_text","keywords","description","review_notes"
"app","google","en-US","","","","Moonlit Beacon","Power up with relics, light three beacons, and face a changing Guardian","","","","",""
"app","google","ko-KR","","","","달빛 봉화","유물을 모아 무기를 키우고 봉화 셋을 밝혀 변화하는 수호자에 맞서세요","","","","",""
"app","google","ja-JP","","","","月明かりの烽火","遺物で武器を育て、三つの烽火を灯し、変化する守護者に挑もう","","","","",""
"app","google","zh-CN","","","","月光烽火","收集遗物强化武器，点燃三座烽火，迎战不断变化的守护者","","","","",""
"app","google","zh-TW","","","","月光烽火","收集遺物強化武器，點燃三座烽火，迎戰不斷變化的守護者","","","","",""
"app","apple","en-US","","","","Moonlit Beacon","","Relic-powered survival","Build three weapons with embers and relics, cross shifting regions, light three beacons, and challenge a different Guardian each cycle.","survival,roguelite,pixel,action,beacon,guardian,offline","",""
"app","apple","ko","","","","달빛 봉화","","봉화를 밝히는 무한 생존 액션","불씨와 유물로 무기를 단계별 강화하고, 세 지형의 봉화를 오가며 서로 다른 수호자와 끝없는 순환에 도전하세요.","서바이벌,로그라이트,픽셀,액션,봉화,수호자,오프라인","",""
"app","apple","ja","","","","月明かりの烽火","","烽火を灯すエンドレスサバイバル","火種と遺物で武器を段階的に強化し、三つの地域を巡って烽火を灯し、巡回ごとに異なる守護者へ挑もう。","サバイバル,ローグライト,ドット,アクション,烽火,オフライン","",""
"app","apple","zh-Hans","","","","月光烽火","","点燃烽火的无尽生存动作","用火种与遗物逐步强化武器，穿越三片变化的区域，点燃三座烽火，并在每轮挑战不同的守护者。","生存,类幸存者,像素,动作,烽火,守护者,离线","",""
"app","apple","zh-Hant","","","","月光烽火","","點燃烽火的無盡生存動作","用火種與遺物逐步強化武器，穿越三片變化的區域，點燃三座烽火，並在每輪挑戰不同的守護者。","生存,類倖存者,像素,動作,烽火,守護者,離線","",""
"iap","google","en-US","com.crossplatformkorea.moonlitbeacon.supporter","non_consumable","Moonlit Supporter","Moonlit Supporter","","","","","Permanent supporter mark beside your name.",""
"iap","google","en-US","com.crossplatformkorea.moonlitbeacon.hero_dancer","non_consumable","Hero Shadow Dancer","Shadow Dancer","","","","","Balanced style with purple twin arcs.",""
"iap","google","en-US","com.crossplatformkorea.moonlitbeacon.hero_keeper","non_consumable","Hero Beacon Keeper","Beacon Keeper","","","","","Balanced style with jade lantern ripples.",""
"iap","google","en-US","com.crossplatformkorea.moonlitbeacon.hero_knight","non_consumable","Hero Silver Moon Knight","Silver Moon Knight","","","","","Balanced style with silver crescent fans.",""
"iap","google","en-US","com.crossplatformkorea.moonlitbeacon.hero_eclipse","non_consumable","Hero Eclipse Mage","Eclipse Mage","","","","","Balanced style with crimson eclipse rings.",""
"iap","google","en-US","com.crossplatformkorea.moonlitbeacon.hero_sage","non_consumable","Hero Constellation Sage","Constellation Sage","","","","","Balanced style with teal star chains.",""
"iap","google","en-US","com.crossplatformkorea.moonlitbeacon.lantern_colors","non_consumable","Lantern Colors","Lantern Colors","","","","","Choose four beacon colors. No combat boost.",""
"iap","google","ko-KR","com.crossplatformkorea.moonlitbeacon.supporter","non_consumable","Moonlit Supporter","달빛 후원자","","","","","크레딧 이름 옆에 후원자 표식을 영구히 남깁니다.",""
"iap","google","ko-KR","com.crossplatformkorea.moonlitbeacon.hero_dancer","non_consumable","Hero Shadow Dancer","그림자 무희","","","","","보랏빛 쌍월호 연출의 균형형 영웅입니다.",""
"iap","google","ko-KR","com.crossplatformkorea.moonlitbeacon.hero_keeper","non_consumable","Hero Beacon Keeper","봉화지기","","","","","비취 등불 파문 연출의 균형형 영웅입니다.",""
"iap","google","ko-KR","com.crossplatformkorea.moonlitbeacon.hero_knight","non_consumable","Hero Silver Moon Knight","백월 기사","","","","","은빛 초승달 부채 연출의 균형형 영웅입니다.",""
"iap","google","ko-KR","com.crossplatformkorea.moonlitbeacon.hero_eclipse","non_consumable","Hero Eclipse Mage","월식 마도사","","","","","진홍 월식 고리 연출의 균형형 영웅입니다.",""
"iap","google","ko-KR","com.crossplatformkorea.moonlitbeacon.hero_sage","non_consumable","Hero Constellation Sage","성좌 현자","","","","","청록 성좌 사슬 연출의 균형형 영웅입니다.",""
"iap","google","ko-KR","com.crossplatformkorea.moonlitbeacon.lantern_colors","non_consumable","Lantern Colors","봉화 색상 꾸러미","","","","","봉화 불빛 4색을 선택합니다. 전투 성능은 그대로입니다.",""
"iap","google","ja-JP","com.crossplatformkorea.moonlitbeacon.supporter","non_consumable","Moonlit Supporter","月明かりの支援者","","","","","クレジットの名前に支援者印を永久表示します。",""
"iap","google","ja-JP","com.crossplatformkorea.moonlitbeacon.hero_dancer","non_consumable","Hero Shadow Dancer","影の舞姫","","","","","紫の双月弧を描く、性能均衡型の英雄です。",""
"iap","google","ja-JP","com.crossplatformkorea.moonlitbeacon.hero_keeper","non_consumable","Hero Beacon Keeper","烽火の守り人","","","","","翡翠の灯火波紋を描く、性能均衡型の英雄です。",""
"iap","google","ja-JP","com.crossplatformkorea.moonlitbeacon.hero_knight","non_consumable","Hero Silver Moon Knight","白月の騎士","","","","","銀の三日月扇を描く、性能均衡型の英雄です。",""
"iap","google","ja-JP","com.crossplatformkorea.moonlitbeacon.hero_eclipse","non_consumable","Hero Eclipse Mage","月蝕の魔導士","","","","","深紅の月蝕輪を描く、性能均衡型の英雄です。",""
"iap","google","ja-JP","com.crossplatformkorea.moonlitbeacon.hero_sage","non_consumable","Hero Constellation Sage","星座の賢者","","","","","青緑の星座連鎖を描く、性能均衡型の英雄です。",""
"iap","google","ja-JP","com.crossplatformkorea.moonlitbeacon.lantern_colors","non_consumable","Lantern Colors","烽火カラーパック","","","","","烽火の炎を4色から選択。戦闘性能は変わりません。",""
"iap","google","zh-CN","com.crossplatformkorea.moonlitbeacon.supporter","non_consumable","Moonlit Supporter","月光支持者","","","","","在制作名单的名字旁永久显示支持者标记。",""
"iap","google","zh-CN","com.crossplatformkorea.moonlitbeacon.hero_dancer","non_consumable","Hero Shadow Dancer","暗影舞者","","","","","平衡型英雄，释放紫色双月弧与螺旋月光。",""
"iap","google","zh-CN","com.crossplatformkorea.moonlitbeacon.hero_keeper","non_consumable","Hero Beacon Keeper","烽火守护者","","","","","平衡型英雄，释放翡翠灯火波纹与金色冲击。",""
"iap","google","zh-CN","com.crossplatformkorea.moonlitbeacon.hero_knight","non_consumable","Hero Silver Moon Knight","白月骑士","","","","","平衡型英雄，释放银色新月扇与白色星屑。",""
"iap","google","zh-CN","com.crossplatformkorea.moonlitbeacon.hero_eclipse","non_consumable","Hero Eclipse Mage","月蚀法师","","","","","平衡型英雄，释放深红月蚀环与黑红余烬。",""
"iap","google","zh-CN","com.crossplatformkorea.moonlitbeacon.hero_sage","non_consumable","Hero Constellation Sage","星座贤者","","","","","平衡型英雄，释放青绿星链与金色星座。",""
"iap","google","zh-CN","com.crossplatformkorea.moonlitbeacon.lantern_colors","non_consumable","Lantern Colors","烽火颜色包","","","","","从4种烽火颜色中选择，不提升战斗能力。",""
"iap","google","zh-TW","com.crossplatformkorea.moonlitbeacon.supporter","non_consumable","Moonlit Supporter","月光贊助者","","","","","在製作名單的名字旁永久顯示贊助者標記。",""
"iap","google","zh-TW","com.crossplatformkorea.moonlitbeacon.hero_dancer","non_consumable","Hero Shadow Dancer","暗影舞者","","","","","平衡型英雄，釋放紫色雙月弧與螺旋月光。",""
"iap","google","zh-TW","com.crossplatformkorea.moonlitbeacon.hero_keeper","non_consumable","Hero Beacon Keeper","烽火守護者","","","","","平衡型英雄，釋放翡翠燈火波紋與金色衝擊。",""
"iap","google","zh-TW","com.crossplatformkorea.moonlitbeacon.hero_knight","non_consumable","Hero Silver Moon Knight","白月騎士","","","","","平衡型英雄，釋放銀色新月扇與白色星屑。",""
"iap","google","zh-TW","com.crossplatformkorea.moonlitbeacon.hero_eclipse","non_consumable","Hero Eclipse Mage","月蝕法師","","","","","平衡型英雄，釋放深紅月蝕環與黑紅餘燼。",""
"iap","google","zh-TW","com.crossplatformkorea.moonlitbeacon.hero_sage","non_consumable","Hero Constellation Sage","星座賢者","","","","","平衡型英雄，釋放青綠星鏈與金色星座。",""
"iap","google","zh-TW","com.crossplatformkorea.moonlitbeacon.lantern_colors","non_consumable","Lantern Colors","烽火顏色包","","","","","從4種烽火顏色中選擇，不提升戰鬥能力。",""
"iap","apple","en-US","com.crossplatformkorea.moonlitbeacon.supporter","non_consumable","Moonlit Supporter","Moonlit Supporter","","","","","Permanent supporter mark beside your name.","Launch the app and open Store > Moonlit Supporter. This non-consumable permanently adds the current local high-score name and a supporter mark in Settings > Credits. If no name exists the app shows Nameless. It does not change combat. Use Restore purchases at the bottom of the Store to restore it."
"iap","apple","en-US","com.crossplatformkorea.moonlitbeacon.hero_dancer","non_consumable","Shadow Dancer","Shadow Dancer","","","","","Balanced style with purple twin arcs.","Launch the app, open Store, swipe to Shadow Dancer, and tap its portrait to preview. This non-consumable permanently unlocks the hero in Moon Shrine. It is a balanced sidegrade. Its price reflects character art and purple twin-arc effects, not a combat power tier. The free Moonlit Warden can complete the entire game. Use Restore purchases after reinstall."
"iap","apple","en-US","com.crossplatformkorea.moonlitbeacon.hero_keeper","non_consumable","Beacon Keeper","Beacon Keeper","","","","","Balanced style with jade lantern ripples.","Launch the app, open Store, swipe to Beacon Keeper, and tap its portrait to preview. This non-consumable permanently unlocks the hero in Moon Shrine. It is a balanced sidegrade. Its price reflects character art and jade lantern-ripple effects, not a combat power tier. The free Moonlit Warden can complete the entire game. Use Restore purchases after reinstall."
"iap","apple","en-US","com.crossplatformkorea.moonlitbeacon.hero_knight","non_consumable","Silver Moon Knight","Silver Moon Knight","","","","","Balanced style with silver crescent fans.","Launch the app, open Store, swipe to Silver Moon Knight, and tap its portrait to preview. This non-consumable permanently unlocks the hero in Moon Shrine. It is a balanced sidegrade. Its price reflects character art and silver crescent-fan effects, not a combat power tier. The free Moonlit Warden can complete the entire game. Use Restore purchases after reinstall."
"iap","apple","en-US","com.crossplatformkorea.moonlitbeacon.hero_eclipse","non_consumable","Eclipse Mage","Eclipse Mage","","","","","Balanced style with crimson eclipse rings.","Launch the app, open Store, swipe to Eclipse Mage, and tap its portrait to preview. This non-consumable permanently unlocks the hero in Moon Shrine. It is a balanced sidegrade. Its price reflects character art and crimson eclipse-ring effects, not a combat power tier. The free Moonlit Warden can complete the entire game. Use Restore purchases after reinstall."
"iap","apple","en-US","com.crossplatformkorea.moonlitbeacon.hero_sage","non_consumable","Constellation Sage","Constellation Sage","","","","","Balanced style with teal star chains.","Launch the app, open Store, swipe to Constellation Sage, and tap its portrait to preview. This non-consumable permanently unlocks the hero in Moon Shrine. It is a balanced sidegrade. Its price reflects character art and teal constellation-chain effects, not a combat power tier. The free Moonlit Warden can complete the entire game. Use Restore purchases after reinstall."
"iap","apple","en-US","com.crossplatformkorea.moonlitbeacon.lantern_colors","non_consumable","Lantern Colors","Lantern Colors","","","","","Choose four beacon colors. No combat boost.","Launch the app and open Store > Lantern Colors. This non-consumable unlocks Moon, Violet, and Jade in addition to the default Ember color. Select a color in the same Store panel. It is cosmetic and does not change damage, range, detection, or health. Use Restore purchases at the bottom of the Store to restore it."
"iap","apple","ko","com.crossplatformkorea.moonlitbeacon.supporter","non_consumable","Moonlit Supporter","달빛 후원자","","","","","크레딧 이름 옆에 후원자 표식을 영구히 남깁니다.","앱 실행 후 타이틀의 상점 > 달빛 후원자를 누릅니다. 비소모성 구매이며 설정 > 크레딧에 현재 로컬 순위표 이름과 후원자 표식을 영구히 추가합니다. 이름이 없으면 이름없음으로 표시됩니다. 전투 수치는 바뀌지 않습니다. 상점 하단의 구매 복원으로 복원할 수 있습니다."
"iap","apple","ko","com.crossplatformkorea.moonlitbeacon.hero_dancer","non_consumable","Shadow Dancer","그림자 무희","","","","","보랏빛 쌍월호 연출의 균형형 영웅입니다.","앱을 실행해 상점을 열고 그림자 무희까지 밀어 초상화를 누르면 미리 볼 수 있습니다. 비소모성 구매로 달빛 제단에서 이 영웅을 영구 해금합니다. 영웅은 균형형 대안이며 가격 차이는 캐릭터 아트와 보랏빛 쌍월호 연출 차이일 뿐 전투력 등급이 아닙니다. 무료 달빛 파수꾼으로 전체 게임을 완료할 수 있습니다. 재설치 후 구매 복원으로 되찾을 수 있습니다."
"iap","apple","ko","com.crossplatformkorea.moonlitbeacon.hero_keeper","non_consumable","Beacon Keeper","봉화지기","","","","","비취 등불 파문 연출의 균형형 영웅입니다.","앱을 실행해 상점을 열고 봉화지기까지 밀어 초상화를 누르면 미리 볼 수 있습니다. 비소모성 구매로 달빛 제단에서 이 영웅을 영구 해금합니다. 영웅은 균형형 대안이며 가격 차이는 캐릭터 아트와 비취 등불 파문 연출 차이일 뿐 전투력 등급이 아닙니다. 무료 달빛 파수꾼으로 전체 게임을 완료할 수 있습니다. 재설치 후 구매 복원으로 되찾을 수 있습니다."
"iap","apple","ko","com.crossplatformkorea.moonlitbeacon.hero_knight","non_consumable","Silver Moon Knight","백월 기사","","","","","은빛 초승달 부채 연출의 균형형 영웅입니다.","앱을 실행해 상점을 열고 백월 기사까지 밀어 초상화를 누르면 미리 볼 수 있습니다. 비소모성 구매로 달빛 제단에서 이 영웅을 영구 해금합니다. 영웅은 균형형 대안이며 가격 차이는 캐릭터 아트와 은빛 초승달 부채 연출 차이일 뿐 전투력 등급이 아닙니다. 무료 달빛 파수꾼으로 전체 게임을 완료할 수 있습니다. 재설치 후 구매 복원으로 되찾을 수 있습니다."
"iap","apple","ko","com.crossplatformkorea.moonlitbeacon.hero_eclipse","non_consumable","Eclipse Mage","월식 마도사","","","","","진홍 월식 고리 연출의 균형형 영웅입니다.","앱을 실행해 상점을 열고 월식 마도사까지 밀어 초상화를 누르면 미리 볼 수 있습니다. 비소모성 구매로 달빛 제단에서 이 영웅을 영구 해금합니다. 영웅은 균형형 대안이며 가격 차이는 캐릭터 아트와 진홍 월식 고리 연출 차이일 뿐 전투력 등급이 아닙니다. 무료 달빛 파수꾼으로 전체 게임을 완료할 수 있습니다. 재설치 후 구매 복원으로 되찾을 수 있습니다."
"iap","apple","ko","com.crossplatformkorea.moonlitbeacon.hero_sage","non_consumable","Constellation Sage","성좌 현자","","","","","청록 성좌 사슬 연출의 균형형 영웅입니다.","앱을 실행해 상점을 열고 성좌 현자까지 밀어 초상화를 누르면 미리 볼 수 있습니다. 비소모성 구매로 달빛 제단에서 이 영웅을 영구 해금합니다. 영웅은 균형형 대안이며 가격 차이는 캐릭터 아트와 청록 성좌 사슬 연출 차이일 뿐 전투력 등급이 아닙니다. 무료 달빛 파수꾼으로 전체 게임을 완료할 수 있습니다. 재설치 후 구매 복원으로 되찾을 수 있습니다."
"iap","apple","ko","com.crossplatformkorea.moonlitbeacon.lantern_colors","non_consumable","Lantern Colors","봉화 색상 꾸러미","","","","","봉화 불빛 4색을 선택합니다. 전투 성능은 그대로입니다.","앱 실행 후 타이틀의 상점 > 봉화 색상 꾸러미를 누릅니다. 비소모성 구매이며 기본 불씨에 달빛·보랏빛·비취빛을 추가합니다. 같은 상점 화면에서 색을 장착합니다. 꾸미기 전용이며 피해·범위·감지·체력에 영향을 주지 않습니다. 상점 하단의 구매 복원으로 복원할 수 있습니다."
"iap","apple","ja","com.crossplatformkorea.moonlitbeacon.supporter","non_consumable","Moonlit Supporter","月明かりの支援者","","","","","クレジットの名前に支援者印を永久表示します。","アプリを起動し、タイトル画面で「ストア」>「月明かりの支援者」を開きます。買い切りの非消耗型商品で、設定 > クレジットに現在のローカルランキング名と支援者印を永久表示します。名前がない場合は「名無し」と表示されます。戦闘性能は変わりません。ストア下部の「購入を復元」から復元できます。"
"iap","apple","ja","com.crossplatformkorea.moonlitbeacon.hero_dancer","non_consumable","Shadow Dancer","影の舞姫","","","","","紫の双月弧を描く、性能均衡型の英雄です。","アプリでストアを開き、影の舞姫までスワイプして肖像をタップするとプレビューできます。買い切りの非消耗型商品で、月光の祭壇にこの英雄を永久解放します。英雄は性能均衡型の別スタイルで、価格差はキャラクターアートと紫の双月弧演出によるもので、強さの段階ではありません。無料の月光の番人だけで全内容を遊べます。再インストール後は「購入を復元」で復元できます。"
"iap","apple","ja","com.crossplatformkorea.moonlitbeacon.hero_keeper","non_consumable","Beacon Keeper","烽火の守り人","","","","","翡翠の灯火波紋を描く、性能均衡型の英雄です。","アプリでストアを開き、烽火の守り人までスワイプして肖像をタップするとプレビューできます。買い切りの非消耗型商品で、月光の祭壇にこの英雄を永久解放します。英雄は性能均衡型の別スタイルで、価格差はキャラクターアートと翡翠の灯火波紋演出によるもので、強さの段階ではありません。無料の月光の番人だけで全内容を遊べます。再インストール後は「購入を復元」で復元できます。"
"iap","apple","ja","com.crossplatformkorea.moonlitbeacon.hero_knight","non_consumable","Silver Moon Knight","白月の騎士","","","","","銀の三日月扇を描く、性能均衡型の英雄です。","アプリでストアを開き、白月の騎士までスワイプして肖像をタップするとプレビューできます。買い切りの非消耗型商品で、月光の祭壇にこの英雄を永久解放します。英雄は性能均衡型の別スタイルで、価格差はキャラクターアートと銀の三日月扇演出によるもので、強さの段階ではありません。無料の月光の番人だけで全内容を遊べます。再インストール後は「購入を復元」で復元できます。"
"iap","apple","ja","com.crossplatformkorea.moonlitbeacon.hero_eclipse","non_consumable","Eclipse Mage","月蝕の魔導士","","","","","深紅の月蝕輪を描く、性能均衡型の英雄です。","アプリでストアを開き、月蝕の魔導士までスワイプして肖像をタップするとプレビューできます。買い切りの非消耗型商品で、月光の祭壇にこの英雄を永久解放します。英雄は性能均衡型の別スタイルで、価格差はキャラクターアートと深紅の月蝕輪演出によるもので、強さの段階ではありません。無料の月光の番人だけで全内容を遊べます。再インストール後は「購入を復元」で復元できます。"
"iap","apple","ja","com.crossplatformkorea.moonlitbeacon.hero_sage","non_consumable","Constellation Sage","星座の賢者","","","","","青緑の星座連鎖を描く、性能均衡型の英雄です。","アプリでストアを開き、星座の賢者までスワイプして肖像をタップするとプレビューできます。買い切りの非消耗型商品で、月光の祭壇にこの英雄を永久解放します。英雄は性能均衡型の別スタイルで、価格差はキャラクターアートと青緑の星座連鎖演出によるもので、強さの段階ではありません。無料の月光の番人だけで全内容を遊べます。再インストール後は「購入を復元」で復元できます。"
"iap","apple","ja","com.crossplatformkorea.moonlitbeacon.lantern_colors","non_consumable","Lantern Colors","烽火カラーパック","","","","","烽火の炎を4色から選択。戦闘性能は変わりません。","アプリを起動し、タイトル画面で「ストア」>「烽火カラーパック」を開きます。買い切りの非消耗型商品で、基本の残り火に月光・紫・翡翠の3色を追加します。同じストア画面で色を選べます。見た目だけの変更で、ダメージ・範囲・索敵・体力は変わりません。ストア下部の「購入を復元」から復元できます。"
"iap","apple","zh-Hans","com.crossplatformkorea.moonlitbeacon.supporter","non_consumable","Moonlit Supporter","月光支持者","","","","","在制作名单的名字旁永久显示支持者标记。","启动应用，在标题画面打开“商店”>“月光支持者”。这是一次买断的非消耗型商品，会在“设置”>“制作名单”中永久显示当前本地排行榜名称与支持者标记。没有名称时显示“无名”。不会改变战斗能力。可使用商店底部的“恢复购买”进行恢复。"
"iap","apple","zh-Hans","com.crossplatformkorea.moonlitbeacon.hero_dancer","non_consumable","Shadow Dancer","暗影舞者","","","","","平衡型英雄，释放紫色双月弧与螺旋月光。","启动应用并打开商店，滑动至暗影舞者，点击头像即可预览。这是一次买断的非消耗型商品，会在月光祭坛中永久解锁该英雄。英雄是平衡型替代玩法；价格差异对应角色美术与紫色双月弧特效，不代表更高战斗等级。免费的月光守望者可完成全部游戏内容。重装后可用“恢复购买”找回。"
"iap","apple","zh-Hans","com.crossplatformkorea.moonlitbeacon.hero_keeper","non_consumable","Beacon Keeper","烽火守护者","","","","","平衡型英雄，释放翡翠灯火波纹与金色冲击。","启动应用并打开商店，滑动至烽火守护者，点击头像即可预览。这是一次买断的非消耗型商品，会在月光祭坛中永久解锁该英雄。英雄是平衡型替代玩法；价格差异对应角色美术与翡翠灯火波纹特效，不代表更高战斗等级。免费的月光守望者可完成全部游戏内容。重装后可用“恢复购买”找回。"
"iap","apple","zh-Hans","com.crossplatformkorea.moonlitbeacon.hero_knight","non_consumable","Silver Moon Knight","白月骑士","","","","","平衡型英雄，释放银色新月扇与白色星屑。","启动应用并打开商店，滑动至白月骑士，点击头像即可预览。这是一次买断的非消耗型商品，会在月光祭坛中永久解锁该英雄。英雄是平衡型替代玩法；价格差异对应角色美术与银色新月扇特效，不代表更高战斗等级。免费的月光守望者可完成全部游戏内容。重装后可用“恢复购买”找回。"
"iap","apple","zh-Hans","com.crossplatformkorea.moonlitbeacon.hero_eclipse","non_consumable","Eclipse Mage","月蚀法师","","","","","平衡型英雄，释放深红月蚀环与黑红余烬。","启动应用并打开商店，滑动至月蚀法师，点击头像即可预览。这是一次买断的非消耗型商品，会在月光祭坛中永久解锁该英雄。英雄是平衡型替代玩法；价格差异对应角色美术与深红月蚀环特效，不代表更高战斗等级。免费的月光守望者可完成全部游戏内容。重装后可用“恢复购买”找回。"
"iap","apple","zh-Hans","com.crossplatformkorea.moonlitbeacon.hero_sage","non_consumable","Constellation Sage","星座贤者","","","","","平衡型英雄，释放青绿星链与金色星座。","启动应用并打开商店，滑动至星座贤者，点击头像即可预览。这是一次买断的非消耗型商品，会在月光祭坛中永久解锁该英雄。英雄是平衡型替代玩法；价格差异对应角色美术与青绿星座链特效，不代表更高战斗等级。免费的月光守望者可完成全部游戏内容。重装后可用“恢复购买”找回。"
"iap","apple","zh-Hans","com.crossplatformkorea.moonlitbeacon.lantern_colors","non_consumable","Lantern Colors","烽火颜色包","","","","","从4种烽火颜色中选择，不提升战斗能力。","启动应用，在标题画面打开“商店”>“烽火颜色包”。这是一次买断的非消耗型商品，会在默认余烬色之外解锁月光、紫罗兰与翡翠三种颜色，可在同一商店画面中选择。仅改变外观，不影响伤害、范围、侦测或生命。可使用商店底部的“恢复购买”进行恢复。"
"iap","apple","zh-Hant","com.crossplatformkorea.moonlitbeacon.supporter","non_consumable","Moonlit Supporter","月光贊助者","","","","","在製作名單的名字旁永久顯示贊助者標記。","啟動應用程式，在標題畫面開啟「商店」>「月光贊助者」。這是一次買斷的非消耗型商品，會在「設定」>「製作名單」中永久顯示目前本機排行榜名稱與贊助者標記。沒有名稱時顯示「無名」。不會改變戰鬥能力。可使用商店底部的「恢復購買」進行恢復。"
"iap","apple","zh-Hant","com.crossplatformkorea.moonlitbeacon.hero_dancer","non_consumable","Shadow Dancer","暗影舞者","","","","","平衡型英雄，釋放紫色雙月弧與螺旋月光。","啟動應用程式並開啟商店，滑動至暗影舞者，點擊頭像即可預覽。這是一次買斷的非消耗型商品，會在月光祭壇中永久解鎖該英雄。英雄是平衡型替代玩法；價格差異對應角色美術與紫色雙月弧特效，不代表更高戰鬥等級。免費的月光守望者可完成全部遊戲內容。重新安裝後可用「恢復購買」找回。"
"iap","apple","zh-Hant","com.crossplatformkorea.moonlitbeacon.hero_keeper","non_consumable","Beacon Keeper","烽火守護者","","","","","平衡型英雄，釋放翡翠燈火波紋與金色衝擊。","啟動應用程式並開啟商店，滑動至烽火守護者，點擊頭像即可預覽。這是一次買斷的非消耗型商品，會在月光祭壇中永久解鎖該英雄。英雄是平衡型替代玩法；價格差異對應角色美術與翡翠燈火波紋特效，不代表更高戰鬥等級。免費的月光守望者可完成全部遊戲內容。重新安裝後可用「恢復購買」找回。"
"iap","apple","zh-Hant","com.crossplatformkorea.moonlitbeacon.hero_knight","non_consumable","Silver Moon Knight","白月騎士","","","","","平衡型英雄，釋放銀色新月扇與白色星屑。","啟動應用程式並開啟商店，滑動至白月騎士，點擊頭像即可預覽。這是一次買斷的非消耗型商品，會在月光祭壇中永久解鎖該英雄。英雄是平衡型替代玩法；價格差異對應角色美術與銀色新月扇特效，不代表更高戰鬥等級。免費的月光守望者可完成全部遊戲內容。重新安裝後可用「恢復購買」找回。"
"iap","apple","zh-Hant","com.crossplatformkorea.moonlitbeacon.hero_eclipse","non_consumable","Eclipse Mage","月蝕法師","","","","","平衡型英雄，釋放深紅月蝕環與黑紅餘燼。","啟動應用程式並開啟商店，滑動至月蝕法師，點擊頭像即可預覽。這是一次買斷的非消耗型商品，會在月光祭壇中永久解鎖該英雄。英雄是平衡型替代玩法；價格差異對應角色美術與深紅月蝕環特效，不代表更高戰鬥等級。免費的月光守望者可完成全部遊戲內容。重新安裝後可用「恢復購買」找回。"
"iap","apple","zh-Hant","com.crossplatformkorea.moonlitbeacon.hero_sage","non_consumable","Constellation Sage","星座賢者","","","","","平衡型英雄，釋放青綠星鏈與金色星座。","啟動應用程式並開啟商店，滑動至星座賢者，點擊頭像即可預覽。這是一次買斷的非消耗型商品，會在月光祭壇中永久解鎖該英雄。英雄是平衡型替代玩法；價格差異對應角色美術與青綠星座鏈特效，不代表更高戰鬥等級。免費的月光守望者可完成全部遊戲內容。重新安裝後可用「恢復購買」找回。"
"iap","apple","zh-Hant","com.crossplatformkorea.moonlitbeacon.lantern_colors","non_consumable","Lantern Colors","烽火顏色包","","","","","從4種烽火顏色中選擇，不提升戰鬥能力。","啟動應用程式，在標題畫面開啟「商店」>「烽火顏色包」。這是一次買斷的非消耗型商品，會在預設餘燼色之外解鎖月光、紫羅蘭與翡翠三種顏色，可在同一商店畫面中選擇。僅改變外觀，不影響傷害、範圍、偵測或生命。可使用商店底部的「恢復購買」進行恢復。"
"iap","google","en-US","com.crossplatformkorea.moonlitbeacon.continue_coin","consumable","Continue Coin","Continue Coin","","","","","Resume where you fell. Score and relics stay.",""
"iap","google","ko-KR","com.crossplatformkorea.moonlitbeacon.continue_coin","consumable","Continue Coin","이어하기 코인","","","","","쓰러진 자리에서 이어갑니다. 점수·유물 유지.",""
"iap","google","ja-JP","com.crossplatformkorea.moonlitbeacon.continue_coin","consumable","Continue Coin","コンティニューコイン","","","","","倒れた場所から再開。スコアと遺物は維持。",""
"iap","google","zh-CN","com.crossplatformkorea.moonlitbeacon.continue_coin","consumable","Continue Coin","继续游戏金币","","","","","从倒下之处继续。分数与遗物保留。",""
"iap","google","zh-TW","com.crossplatformkorea.moonlitbeacon.continue_coin","consumable","Continue Coin","繼續遊戲金幣","","","","","從倒下之處繼續。分數與遺物保留。",""
"iap","apple","en-US","com.crossplatformkorea.moonlitbeacon.continue_coin","consumable","Continue Coin","Continue Coin","","","","","Resume where you fell. Score and relics stay.","Consumable. Buy this coin in advance from Store on the title screen. After defeat, if a coin is held, tap Continue to spend exactly one coin and resume that run where you fell with score, level, and relics preserved. With zero coins, Continue ends the current run and moves to the title-screen Store; no purchase occurs on the result screen. Grants exactly one coin per purchase; coins stack and it can be bought again."
"iap","apple","ko","com.crossplatformkorea.moonlitbeacon.continue_coin","consumable","Continue Coin","이어하기 코인","","","","","쓰러진 자리에서 이어갑니다. 점수·유물 유지.","소모성 상품입니다. 타이틀 화면의 상점에서 코인을 미리 구매합니다. 패배했을 때 코인을 보유했다면 이어하기를 눌러 정확히 1개를 사용하고, 쓰러진 자리에서 점수·레벨·유물을 유지한 채 그 판을 이어갑니다. 코인이 0개라면 이어하기는 현재 판을 끝내고 타이틀 상점으로 이동하며 결과 화면에서는 구매가 일어나지 않습니다. 구매 한 번에 정확히 1개를 지급하며 코인은 누적되고 다시 구매할 수 있습니다."
"iap","apple","ja","com.crossplatformkorea.moonlitbeacon.continue_coin","consumable","Continue Coin","コンティニューコイン","","","","","倒れた場所から再開。スコアと遺物は維持。","消耗型商品です。タイトル画面のストアでコインを事前に購入します。敗北時にコインを持っている場合、「コンティニュー」でちょうど1枚を消費し、倒れた場所からスコア・レベル・遺物を維持したままそのランを再開します。所持数が0の場合、「コンティニュー」は現在のランを終了してタイトル画面のストアへ移動し、結果画面内では購入されません。1回の購入でちょうど1枚を付与し、コインは累積して再購入できます。"
"iap","apple","zh-Hans","com.crossplatformkorea.moonlitbeacon.continue_coin","consumable","Continue Coin","继续游戏金币","","","","","从倒下之处继续。分数与遗物保留。","消耗型商品。请提前在标题画面的商店购买金币。失败时若持有金币，点击“继续游戏”会恰好消耗一枚，并从倒下之处继续本局，保留分数、等级与遗物。余额为零时，“继续游戏”会结束当前对局并前往标题商店，结算画面内不会发生购买。每次购买恰好发放一枚金币；金币可累加并可重复购买。"
"iap","apple","zh-Hant","com.crossplatformkorea.moonlitbeacon.continue_coin","consumable","Continue Coin","繼續遊戲金幣","","","","","從倒下之處繼續。分數與遺物保留。","消耗型商品。請提前在標題畫面的商店購買金幣。失敗時若持有金幣，點擊「繼續遊戲」會恰好消耗一枚，並從倒下之處繼續本局，保留分數、等級與遺物。餘額為零時，「繼續遊戲」會結束目前對局並前往標題商店，結算畫面內不會發生購買。每次購買恰好發放一枚金幣；金幣可累加並可重複購買。"
"iap","google","en-US","com.crossplatformkorea.moonlitbeacon.continue_coin_5","consumable","Continue Coins 5","Continue Coins ×5","","","","","Five continue coins. Lower price per coin.",""
"iap","google","ko-KR","com.crossplatformkorea.moonlitbeacon.continue_coin_5","consumable","Continue Coins 5","이어하기 코인 5개","","","","","코인 5개 묶음. 개당 가격이 내려갑니다.",""
"iap","google","ja-JP","com.crossplatformkorea.moonlitbeacon.continue_coin_5","consumable","Continue Coins 5","コンティニューコイン 5個","","","","","コンティニューコイン5枚。1枚あたりが安い。",""
"iap","google","zh-CN","com.crossplatformkorea.moonlitbeacon.continue_coin_5","consumable","Continue Coins 5","继续游戏金币 5 个","","","","","继续游戏金币5枚，单价更低。",""
"iap","google","zh-TW","com.crossplatformkorea.moonlitbeacon.continue_coin_5","consumable","Continue Coins 5","繼續遊戲金幣 5 個","","","","","繼續遊戲金幣5枚，單價更低。",""
"iap","apple","en-US","com.crossplatformkorea.moonlitbeacon.continue_coin_5","consumable","Continue Coins 5","Continue Coins ×5","","","","","Five continue coins. Lower price per coin.","Consumable. Buy coins in advance from Store on the title screen. After defeat, if a coin is held, tap Continue to spend exactly one coin and resume that run where you fell with score, level, and relics preserved. With zero coins, Continue ends the current run and moves to the title-screen Store; no purchase occurs on the result screen. Grants exactly five (5) coins per purchase; coins stack and it can be bought again."
"iap","apple","ko","com.crossplatformkorea.moonlitbeacon.continue_coin_5","consumable","Continue Coins 5","이어하기 코인 5개","","","","","코인 5개 묶음. 개당 가격이 내려갑니다.","소모성 상품입니다. 타이틀 화면의 상점에서 코인을 미리 구매합니다. 패배했을 때 코인을 보유했다면 이어하기를 눌러 정확히 1개를 사용하고, 쓰러진 자리에서 점수·레벨·유물을 유지한 채 그 판을 이어갑니다. 코인이 0개라면 이어하기는 현재 판을 끝내고 타이틀 상점으로 이동하며 결과 화면에서는 구매가 일어나지 않습니다. 구매 한 번에 정확히 5개를 지급하며 코인은 누적되고 다시 구매할 수 있습니다."
"iap","apple","ja","com.crossplatformkorea.moonlitbeacon.continue_coin_5","consumable","Continue Coins 5","コンティニューコイン 5個","","","","","コンティニューコイン5枚。1枚あたりが安い。","消耗型商品です。タイトル画面のストアでコインを事前に購入します。敗北時にコインを持っている場合、「コンティニュー」でちょうど1枚を消費し、倒れた場所からスコア・レベル・遺物を維持したままそのランを再開します。所持数が0の場合、「コンティニュー」は現在のランを終了してタイトル画面のストアへ移動し、結果画面内では購入されません。1回の購入でちょうど5枚を付与し、コインは累積して再購入できます。"
"iap","apple","zh-Hans","com.crossplatformkorea.moonlitbeacon.continue_coin_5","consumable","Continue Coins 5","继续游戏金币 5 个","","","","","继续游戏金币5枚，单价更低。","消耗型商品。请提前在标题画面的商店购买金币。失败时若持有金币，点击“继续游戏”会恰好消耗一枚，并从倒下之处继续本局，保留分数、等级与遗物。余额为零时，“继续游戏”会结束当前对局并前往标题商店，结算画面内不会发生购买。本商品每次购买恰好发放五枚金币；金币可累加并可重复购买。"
"iap","apple","zh-Hant","com.crossplatformkorea.moonlitbeacon.continue_coin_5","consumable","Continue Coins 5","繼續遊戲金幣 5 個","","","","","繼續遊戲金幣5枚，單價更低。","消耗型商品。請提前在標題畫面的商店購買金幣。失敗時若持有金幣，點擊「繼續遊戲」會恰好消耗一枚，並從倒下之處繼續本局，保留分數、等級與遺物。餘額為零時，「繼續遊戲」會結束目前對局並前往標題商店，結算畫面內不會發生購買。本商品每次購買恰好發放五枚金幣；金幣可累加並可重複購買。"
"iap","google","en-US","com.crossplatformkorea.moonlitbeacon.continue_coin_10","consumable","Continue Coins 10","Continue Coins ×10","","","","","Ten continue coins. Best price per coin.",""
"iap","google","ko-KR","com.crossplatformkorea.moonlitbeacon.continue_coin_10","consumable","Continue Coins 10","이어하기 코인 10개","","","","","코인 10개 묶음. 개당 가격이 가장 쌉니다.",""
"iap","google","ja-JP","com.crossplatformkorea.moonlitbeacon.continue_coin_10","consumable","Continue Coins 10","コンティニューコイン 10個","","","","","コンティニューコイン10枚。1枚あたり最安。",""
"iap","google","zh-CN","com.crossplatformkorea.moonlitbeacon.continue_coin_10","consumable","Continue Coins 10","继续游戏金币 10 个","","","","","继续游戏金币10枚，单价最低。",""
"iap","google","zh-TW","com.crossplatformkorea.moonlitbeacon.continue_coin_10","consumable","Continue Coins 10","繼續遊戲金幣 10 個","","","","","繼續遊戲金幣10枚，單價最低。",""
"iap","apple","en-US","com.crossplatformkorea.moonlitbeacon.continue_coin_10","consumable","Continue Coins 10","Continue Coins ×10","","","","","Ten continue coins. Best price per coin.","Consumable. Buy coins in advance from Store on the title screen. After defeat, if a coin is held, tap Continue to spend exactly one coin and resume that run where you fell with score, level, and relics preserved. With zero coins, Continue ends the current run and moves to the title-screen Store; no purchase occurs on the result screen. Grants exactly ten (10) coins per purchase; coins stack and it can be bought again."
"iap","apple","ko","com.crossplatformkorea.moonlitbeacon.continue_coin_10","consumable","Continue Coins 10","이어하기 코인 10개","","","","","코인 10개 묶음. 개당 가격이 가장 쌉니다.","소모성 상품입니다. 타이틀 화면의 상점에서 코인을 미리 구매합니다. 패배했을 때 코인을 보유했다면 이어하기를 눌러 정확히 1개를 사용하고, 쓰러진 자리에서 점수·레벨·유물을 유지한 채 그 판을 이어갑니다. 코인이 0개라면 이어하기는 현재 판을 끝내고 타이틀 상점으로 이동하며 결과 화면에서는 구매가 일어나지 않습니다. 구매 한 번에 정확히 10개를 지급하며 코인은 누적되고 다시 구매할 수 있습니다."
"iap","apple","ja","com.crossplatformkorea.moonlitbeacon.continue_coin_10","consumable","Continue Coins 10","コンティニューコイン 10個","","","","","コンティニューコイン10枚。1枚あたり最安。","消耗型商品です。タイトル画面のストアでコインを事前に購入します。敗北時にコインを持っている場合、「コンティニュー」でちょうど1枚を消費し、倒れた場所からスコア・レベル・遺物を維持したままそのランを再開します。所持数が0の場合、「コンティニュー」は現在のランを終了してタイトル画面のストアへ移動し、結果画面内では購入されません。1回の購入でちょうど10枚を付与し、コインは累積して再購入できます。"
"iap","apple","zh-Hans","com.crossplatformkorea.moonlitbeacon.continue_coin_10","consumable","Continue Coins 10","继续游戏金币 10 个","","","","","继续游戏金币10枚，单价最低。","消耗型商品。请提前在标题画面的商店购买金币。失败时若持有金币，点击“继续游戏”会恰好消耗一枚，并从倒下之处继续本局，保留分数、等级与遗物。余额为零时，“继续游戏”会结束当前对局并前往标题商店，结算画面内不会发生购买。本商品每次购买恰好发放十枚金币；金币可累加并可重复购买。"
"iap","apple","zh-Hant","com.crossplatformkorea.moonlitbeacon.continue_coin_10","consumable","Continue Coins 10","繼續遊戲金幣 10 個","","","","","繼續遊戲金幣10枚，單價最低。","消耗型商品。請提前在標題畫面的商店購買金幣。失敗時若持有金幣，點擊「繼續遊戲」會恰好消耗一枚，並從倒下之處繼續本局，保留分數、等級與遺物。餘額為零時，「繼續遊戲」會結束目前對局並前往標題商店，結算畫面內不會發生購買。本商品每次購買恰好發放十枚金幣；金幣可累加並可重複購買。"
